second,Volt
+90.0000E-06,+640.6250000E-03
+90.2000E-06,+656.2500000E-03
+90.4000E-06,+671.8750000E-03
+90.6000E-06,+671.8750000E-03
+90.8000E-06,+687.5000000E-03
+91.0000E-06,+687.5000000E-03
+91.2000E-06,+687.5000000E-03
+91.4000E-06,+687.5000000E-03
+91.6000E-06,+687.5000000E-03
+91.8000E-06,+687.5000000E-03
+92.0000E-06,+1.3437500000E+00
+92.2000E-06,+1.5781250000E+00
+92.4000E-06,+1.8437500000E+00
+92.6000E-06,+2.1718750000E+00
+92.8000E-06,+2.2031250000E+00
+93.0000E-06,+2.0781250000E+00
+93.2000E-06,+2.0781250000E+00
+93.4000E-06,+2.0937500000E+00
+93.6000E-06,+2.1562500000E+00
+93.8000E-06,+2.1562500000E+00
+94.0000E-06,+2.1250000000E+00
+94.2000E-06,+2.0625000000E+00
+94.4000E-06,+2.0156250000E+00
+94.6000E-06,+1.9843750000E+00
+94.8000E-06,+2.0000000000E+00
+95.0000E-06,+1.9843750000E+00
+95.2000E-06,+2.0625000000E+00
+95.4000E-06,+2.0781250000E+00
+95.6000E-06,+2.0781250000E+00
+95.8000E-06,+2.0781250000E+00
+96.0000E-06,+1.8593750000E+00
+96.2000E-06,+1.0625000000E+00
+96.4000E-06,+828.1250000E-03
+96.6000E-06,+484.3750000E-03
+96.8000E-06,+437.5000000E-03
+97.0000E-06,+546.8750000E-03
+97.2000E-06,+625.0000000E-03
+97.4000E-06,+609.3750000E-03
+97.6000E-06,+546.8750000E-03
+97.8000E-06,+531.2500000E-03
+98.0000E-06,+531.2500000E-03
+98.2000E-06,+593.7500000E-03
+98.4000E-06,+625.0000000E-03
+98.6000E-06,+640.6250000E-03
+98.8000E-06,+656.2500000E-03
+99.0000E-06,+640.6250000E-03
+99.2000E-06,+609.3750000E-03
+99.4000E-06,+609.3750000E-03
+99.6000E-06,+562.5000000E-03
+99.8000E-06,+593.7500000E-03
+100.0000E-06,+578.1250000E-03
+100.2000E-06,+609.3750000E-03
+100.4000E-06,+609.3750000E-03
+100.6000E-06,+640.6250000E-03
+100.8000E-06,+625.0000000E-03
+101.0000E-06,+609.3750000E-03
+101.2000E-06,+593.7500000E-03
+101.4000E-06,+593.7500000E-03
+101.6000E-06,+593.7500000E-03
+101.8000E-06,+593.7500000E-03
+102.0000E-06,+593.7500000E-03
+102.2000E-06,+625.0000000E-03
+102.4000E-06,+625.0000000E-03
+102.6000E-06,+625.0000000E-03
+102.8000E-06,+640.6250000E-03
+103.0000E-06,+640.6250000E-03
+103.2000E-06,+609.3750000E-03
+103.4000E-06,+609.3750000E-03
+103.6000E-06,+609.3750000E-03
+103.8000E-06,+609.3750000E-03
+104.0000E-06,+625.0000000E-03
+104.2000E-06,+656.2500000E-03
+104.4000E-06,+656.2500000E-03
+104.6000E-06,+625.0000000E-03
+104.8000E-06,+640.6250000E-03
+105.0000E-06,+625.0000000E-03
+105.2000E-06,+609.3750000E-03
+105.4000E-06,+593.7500000E-03
+105.6000E-06,+609.3750000E-03
+105.8000E-06,+625.0000000E-03
+106.0000E-06,+625.0000000E-03
+106.2000E-06,+609.3750000E-03
+106.4000E-06,+609.3750000E-03
+106.6000E-06,+625.0000000E-03
+106.8000E-06,+609.3750000E-03
+107.0000E-06,+609.3750000E-03
+107.2000E-06,+609.3750000E-03
+107.4000E-06,+609.3750000E-03
+107.6000E-06,+609.3750000E-03
+107.8000E-06,+609.3750000E-03
+108.0000E-06,+1.2500000000E+00
+108.2000E-06,+1.5156250000E+00
+108.4000E-06,+1.7500000000E+00
+108.6000E-06,+2.0781250000E+00
+108.8000E-06,+2.1093750000E+00
+109.0000E-06,+2.0468750000E+00
+109.2000E-06,+2.0000000000E+00
+109.4000E-06,+2.0625000000E+00
+109.6000E-06,+2.1093750000E+00
+109.8000E-06,+2.1250000000E+00
+110.0000E-06,+2.0781250000E+00
+110.2000E-06,+2.0468750000E+00
+110.4000E-06,+1.9843750000E+00
+110.6000E-06,+1.9843750000E+00
+110.8000E-06,+1.9843750000E+00
+111.0000E-06,+2.0000000000E+00
+111.2000E-06,+2.0468750000E+00
+111.4000E-06,+2.0625000000E+00
+111.6000E-06,+2.0625000000E+00
+111.8000E-06,+2.0468750000E+00
+112.0000E-06,+1.8281250000E+00
+112.2000E-06,+1.0312500000E+00
+112.4000E-06,+796.8750000E-03
+112.6000E-06,+453.1250000E-03
+112.8000E-06,+406.2500000E-03
+113.0000E-06,+500.0000000E-03
+113.2000E-06,+578.1250000E-03
+113.4000E-06,+562.5000000E-03
+113.6000E-06,+484.3750000E-03
+113.8000E-06,+468.7500000E-03
+114.0000E-06,+515.6250000E-03
+114.2000E-06,+546.8750000E-03
+114.4000E-06,+593.7500000E-03
+114.6000E-06,+609.3750000E-03
+114.8000E-06,+625.0000000E-03
+115.0000E-06,+609.3750000E-03
+115.2000E-06,+609.3750000E-03
+115.4000E-06,+578.1250000E-03
+115.6000E-06,+578.1250000E-03
+115.8000E-06,+578.1250000E-03
+116.0000E-06,+593.7500000E-03
+116.2000E-06,+609.3750000E-03
+116.4000E-06,+625.0000000E-03
+116.6000E-06,+656.2500000E-03
+116.8000E-06,+625.0000000E-03
+117.0000E-06,+625.0000000E-03
+117.2000E-06,+609.3750000E-03
+117.4000E-06,+609.3750000E-03
+117.6000E-06,+609.3750000E-03
+117.8000E-06,+609.3750000E-03
+118.0000E-06,+609.3750000E-03
+118.2000E-06,+640.6250000E-03
+118.4000E-06,+656.2500000E-03
+118.6000E-06,+640.6250000E-03
+118.8000E-06,+625.0000000E-03
+119.0000E-06,+609.3750000E-03
+119.2000E-06,+609.3750000E-03
+119.4000E-06,+609.3750000E-03
+119.6000E-06,+609.3750000E-03
+119.8000E-06,+609.3750000E-03
+120.0000E-06,+625.0000000E-03
+120.2000E-06,+656.2500000E-03
+120.4000E-06,+640.6250000E-03
+120.6000E-06,+656.2500000E-03
+120.8000E-06,+625.0000000E-03
+121.0000E-06,+609.3750000E-03
+121.2000E-06,+609.3750000E-03
+121.4000E-06,+640.6250000E-03
+121.6000E-06,+625.0000000E-03
+121.8000E-06,+640.6250000E-03
+122.0000E-06,+640.6250000E-03
+122.2000E-06,+656.2500000E-03
+122.4000E-06,+656.2500000E-03
+122.6000E-06,+656.2500000E-03
+122.8000E-06,+640.6250000E-03
+123.0000E-06,+625.0000000E-03
+123.2000E-06,+625.0000000E-03
+123.4000E-06,+609.3750000E-03
+123.6000E-06,+640.6250000E-03
+123.8000E-06,+656.2500000E-03
+124.0000E-06,+640.6250000E-03
+124.2000E-06,+625.0000000E-03
+124.4000E-06,+640.6250000E-03
+124.6000E-06,+640.6250000E-03
+124.8000E-06,+625.0000000E-03
+125.0000E-06,+625.0000000E-03
+125.2000E-06,+640.6250000E-03
+125.4000E-06,+625.0000000E-03
+125.6000E-06,+656.2500000E-03
+125.8000E-06,+625.0000000E-03
+126.0000E-06,+625.0000000E-03
+126.2000E-06,+656.2500000E-03
+126.4000E-06,+640.6250000E-03
+126.6000E-06,+640.6250000E-03
+126.8000E-06,+640.6250000E-03
+127.0000E-06,+625.0000000E-03
+127.2000E-06,+625.0000000E-03
+127.4000E-06,+578.1250000E-03
+127.6000E-06,+640.6250000E-03
+127.8000E-06,+640.6250000E-03
+128.0000E-06,+640.6250000E-03
+128.2000E-06,+640.6250000E-03
+128.4000E-06,+656.2500000E-03
+128.6000E-06,+640.6250000E-03
+128.8000E-06,+640.6250000E-03
+129.0000E-06,+640.6250000E-03
+129.2000E-06,+640.6250000E-03
+129.4000E-06,+656.2500000E-03
+129.6000E-06,+640.6250000E-03
+129.8000E-06,+656.2500000E-03
+130.0000E-06,+640.6250000E-03
+130.2000E-06,+640.6250000E-03
+130.4000E-06,+640.6250000E-03
+130.6000E-06,+625.0000000E-03
+130.8000E-06,+640.6250000E-03
+131.0000E-06,+656.2500000E-03
+131.2000E-06,+625.0000000E-03
+131.4000E-06,+640.6250000E-03
+131.6000E-06,+625.0000000E-03
+131.8000E-06,+625.0000000E-03
+132.0000E-06,+1.2343750000E+00
+132.2000E-06,+1.5156250000E+00
+132.4000E-06,+1.7812500000E+00
+132.6000E-06,+2.0781250000E+00
+132.8000E-06,+2.1406250000E+00
+133.0000E-06,+2.0781250000E+00
+133.2000E-06,+2.0312500000E+00
+133.4000E-06,+2.0625000000E+00
+133.6000E-06,+2.1406250000E+00
+133.8000E-06,+2.1406250000E+00
+134.0000E-06,+2.1093750000E+00
+134.2000E-06,+2.0625000000E+00
+134.4000E-06,+2.0156250000E+00
+134.6000E-06,+2.0000000000E+00
+134.8000E-06,+2.0156250000E+00
+135.0000E-06,+2.0312500000E+00
+135.2000E-06,+2.0625000000E+00
+135.4000E-06,+2.0781250000E+00
+135.6000E-06,+2.0937500000E+00
+135.8000E-06,+2.0625000000E+00
+136.0000E-06,+2.0468750000E+00
+136.2000E-06,+2.0156250000E+00
+136.4000E-06,+1.9843750000E+00
+136.6000E-06,+2.0000000000E+00
+136.8000E-06,+1.9843750000E+00
+137.0000E-06,+2.0156250000E+00
+137.2000E-06,+2.0312500000E+00
+137.4000E-06,+2.0468750000E+00
+137.6000E-06,+2.0312500000E+00
+137.8000E-06,+2.0312500000E+00
+138.0000E-06,+1.9843750000E+00
+138.2000E-06,+1.9687500000E+00
+138.4000E-06,+1.9687500000E+00
+138.6000E-06,+1.9687500000E+00
+138.8000E-06,+1.9687500000E+00
+139.0000E-06,+1.9843750000E+00
+139.2000E-06,+1.9843750000E+00
+139.4000E-06,+1.9843750000E+00
+139.6000E-06,+1.9843750000E+00
+139.8000E-06,+1.9843750000E+00
+140.0000E-06,+1.9531250000E+00
+140.2000E-06,+1.9375000000E+00
+140.4000E-06,+1.9531250000E+00
+140.6000E-06,+1.9375000000E+00
+140.8000E-06,+1.9375000000E+00
+141.0000E-06,+1.9843750000E+00
+141.2000E-06,+1.9687500000E+00
+141.4000E-06,+1.9687500000E+00
+141.6000E-06,+1.9687500000E+00
+141.8000E-06,+1.9531250000E+00
+142.0000E-06,+1.9531250000E+00
+142.2000E-06,+1.9375000000E+00
+142.4000E-06,+1.9375000000E+00
+142.6000E-06,+1.9375000000E+00
+142.8000E-06,+1.9375000000E+00
+143.0000E-06,+1.9531250000E+00
+143.2000E-06,+1.9375000000E+00
+143.4000E-06,+1.9375000000E+00
+143.6000E-06,+1.9218750000E+00
+143.8000E-06,+1.9062500000E+00
+144.0000E-06,+1.7656250000E+00
+144.2000E-06,+968.7500000E-03
+144.4000E-06,+750.0000000E-03
+144.6000E-06,+406.2500000E-03
+144.8000E-06,+359.3750000E-03
+145.0000E-06,+453.1250000E-03
+145.2000E-06,+515.6250000E-03
+145.4000E-06,+468.7500000E-03
+145.6000E-06,+421.8750000E-03
+145.8000E-06,+437.5000000E-03
+146.0000E-06,+453.1250000E-03
+146.2000E-06,+531.2500000E-03
+146.4000E-06,+578.1250000E-03
+146.6000E-06,+609.3750000E-03
+146.8000E-06,+609.3750000E-03
+147.0000E-06,+578.1250000E-03
+147.2000E-06,+546.8750000E-03
+147.4000E-06,+531.2500000E-03
+147.6000E-06,+531.2500000E-03
+147.8000E-06,+546.8750000E-03
+148.0000E-06,+593.7500000E-03
+148.2000E-06,+609.3750000E-03
+148.4000E-06,+656.2500000E-03
+148.6000E-06,+640.6250000E-03
+148.8000E-06,+609.3750000E-03
+149.0000E-06,+609.3750000E-03
+149.2000E-06,+578.1250000E-03
+149.4000E-06,+593.7500000E-03
+149.6000E-06,+578.1250000E-03
+149.8000E-06,+593.7500000E-03
+150.0000E-06,+609.3750000E-03
+150.2000E-06,+656.2500000E-03
+150.4000E-06,+656.2500000E-03
+150.6000E-06,+640.6250000E-03
+150.8000E-06,+609.3750000E-03
+151.0000E-06,+609.3750000E-03
+151.2000E-06,+609.3750000E-03
+151.4000E-06,+593.7500000E-03
+151.6000E-06,+609.3750000E-03
+151.8000E-06,+625.0000000E-03
+152.0000E-06,+640.6250000E-03
+152.2000E-06,+656.2500000E-03
+152.4000E-06,+640.6250000E-03
+152.6000E-06,+625.0000000E-03
+152.8000E-06,+609.3750000E-03
+153.0000E-06,+625.0000000E-03
+153.2000E-06,+625.0000000E-03
+153.4000E-06,+593.7500000E-03
+153.6000E-06,+625.0000000E-03
+153.8000E-06,+625.0000000E-03
+154.0000E-06,+656.2500000E-03
+154.2000E-06,+656.2500000E-03
+154.4000E-06,+656.2500000E-03
+154.6000E-06,+625.0000000E-03
+154.8000E-06,+625.0000000E-03
+155.0000E-06,+609.3750000E-03
+155.2000E-06,+609.3750000E-03
+155.4000E-06,+625.0000000E-03
+155.6000E-06,+640.6250000E-03
+155.8000E-06,+625.0000000E-03
+156.0000E-06,+656.2500000E-03
+156.2000E-06,+656.2500000E-03
+156.4000E-06,+656.2500000E-03
+156.6000E-06,+640.6250000E-03
+156.8000E-06,+625.0000000E-03
+157.0000E-06,+625.0000000E-03
+157.2000E-06,+625.0000000E-03
+157.4000E-06,+640.6250000E-03
+157.6000E-06,+656.2500000E-03
+157.8000E-06,+640.6250000E-03
+158.0000E-06,+640.6250000E-03
+158.2000E-06,+640.6250000E-03
+158.4000E-06,+656.2500000E-03
+158.6000E-06,+625.0000000E-03
+158.8000E-06,+625.0000000E-03
+159.0000E-06,+625.0000000E-03
+159.2000E-06,+625.0000000E-03
+159.4000E-06,+656.2500000E-03
+159.6000E-06,+625.0000000E-03
+159.8000E-06,+640.6250000E-03
+160.0000E-06,+656.2500000E-03
+160.2000E-06,+625.0000000E-03
+160.4000E-06,+625.0000000E-03
+160.6000E-06,+625.0000000E-03
+160.8000E-06,+640.6250000E-03
+161.0000E-06,+625.0000000E-03
+161.2000E-06,+625.0000000E-03
+161.4000E-06,+640.6250000E-03
+161.6000E-06,+656.2500000E-03
+161.8000E-06,+656.2500000E-03
+162.0000E-06,+640.6250000E-03
+162.2000E-06,+625.0000000E-03
+162.4000E-06,+640.6250000E-03
+162.6000E-06,+656.2500000E-03
+162.8000E-06,+656.2500000E-03
+163.0000E-06,+640.6250000E-03
+163.2000E-06,+656.2500000E-03
+163.4000E-06,+656.2500000E-03
+163.6000E-06,+656.2500000E-03
+163.8000E-06,+640.6250000E-03
+164.0000E-06,+1.2500000000E+00
+164.2000E-06,+1.5312500000E+00
+164.4000E-06,+1.8125000000E+00
+164.6000E-06,+2.1250000000E+00
+164.8000E-06,+2.1718750000E+00
+165.0000E-06,+2.0781250000E+00
+165.2000E-06,+2.0468750000E+00
+165.4000E-06,+2.0937500000E+00
+165.6000E-06,+2.1406250000E+00
+165.8000E-06,+2.1562500000E+00
+166.0000E-06,+2.1093750000E+00
+166.2000E-06,+2.0625000000E+00
+166.4000E-06,+2.0156250000E+00
+166.6000E-06,+2.0312500000E+00
+166.8000E-06,+2.0156250000E+00
+167.0000E-06,+2.0312500000E+00
+167.2000E-06,+2.0625000000E+00
+167.4000E-06,+2.0937500000E+00
+167.6000E-06,+2.1093750000E+00
+167.8000E-06,+2.0625000000E+00
+168.0000E-06,+1.8906250000E+00
+168.2000E-06,+1.0625000000E+00
+168.4000E-06,+812.5000000E-03
+168.6000E-06,+468.7500000E-03
+168.8000E-06,+406.2500000E-03
+169.0000E-06,+546.8750000E-03
+169.2000E-06,+609.3750000E-03
+169.4000E-06,+578.1250000E-03
+169.6000E-06,+515.6250000E-03
+169.8000E-06,+500.0000000E-03
+170.0000E-06,+531.2500000E-03
+170.2000E-06,+578.1250000E-03
+170.4000E-06,+609.3750000E-03
+170.6000E-06,+625.0000000E-03
+170.8000E-06,+656.2500000E-03
+171.0000E-06,+625.0000000E-03
+171.2000E-06,+609.3750000E-03
+171.4000E-06,+578.1250000E-03
+171.6000E-06,+562.5000000E-03
+171.8000E-06,+578.1250000E-03
+172.0000E-06,+609.3750000E-03
+172.2000E-06,+625.0000000E-03
+172.4000E-06,+625.0000000E-03
+172.6000E-06,+640.6250000E-03
+172.8000E-06,+656.2500000E-03
+173.0000E-06,+625.0000000E-03
+173.2000E-06,+609.3750000E-03
+173.4000E-06,+593.7500000E-03
+173.6000E-06,+609.3750000E-03
+173.8000E-06,+609.3750000E-03
+174.0000E-06,+640.6250000E-03
+174.2000E-06,+656.2500000E-03
+174.4000E-06,+656.2500000E-03
+174.6000E-06,+671.8750000E-03
+174.8000E-06,+656.2500000E-03
+175.0000E-06,+640.6250000E-03
+175.2000E-06,+625.0000000E-03
+175.4000E-06,+625.0000000E-03
+175.6000E-06,+640.6250000E-03
+175.8000E-06,+640.6250000E-03
+176.0000E-06,+671.8750000E-03
+176.2000E-06,+671.8750000E-03
+176.4000E-06,+671.8750000E-03
+176.6000E-06,+671.8750000E-03
+176.8000E-06,+656.2500000E-03
+177.0000E-06,+656.2500000E-03
+177.2000E-06,+625.0000000E-03
+177.4000E-06,+625.0000000E-03
+177.6000E-06,+640.6250000E-03
+177.8000E-06,+656.2500000E-03
+178.0000E-06,+656.2500000E-03
+178.2000E-06,+671.8750000E-03
+178.4000E-06,+656.2500000E-03
+178.6000E-06,+656.2500000E-03
+178.8000E-06,+640.6250000E-03
+179.0000E-06,+640.6250000E-03
+179.2000E-06,+625.0000000E-03
+179.4000E-06,+656.2500000E-03
+179.6000E-06,+687.5000000E-03
+179.8000E-06,+656.2500000E-03
+180.0000E-06,+656.2500000E-03
+180.2000E-06,+671.8750000E-03
+180.4000E-06,+656.2500000E-03
+180.6000E-06,+656.2500000E-03
+180.8000E-06,+640.6250000E-03
+181.0000E-06,+734.3750000E-03
+181.2000E-06,+625.0000000E-03
+181.4000E-06,+656.2500000E-03
+181.6000E-06,+656.2500000E-03
+181.8000E-06,+640.6250000E-03
+182.0000E-06,+640.6250000E-03
+182.2000E-06,+656.2500000E-03
+182.4000E-06,+640.6250000E-03
+182.6000E-06,+625.0000000E-03
+182.8000E-06,+640.6250000E-03
+183.0000E-06,+625.0000000E-03
+183.2000E-06,+625.0000000E-03
+183.4000E-06,+625.0000000E-03
+183.6000E-06,+640.6250000E-03
+183.8000E-06,+625.0000000E-03
+184.0000E-06,+625.0000000E-03
+184.2000E-06,+625.0000000E-03
+184.4000E-06,+625.0000000E-03
+184.6000E-06,+625.0000000E-03
+184.8000E-06,+625.0000000E-03
+185.0000E-06,+625.0000000E-03
+185.2000E-06,+640.6250000E-03
+185.4000E-06,+625.0000000E-03
+185.6000E-06,+656.2500000E-03
+185.8000E-06,+625.0000000E-03
+186.0000E-06,+625.0000000E-03
+186.2000E-06,+609.3750000E-03
+186.4000E-06,+609.3750000E-03
+186.6000E-06,+640.6250000E-03
+186.8000E-06,+625.0000000E-03
+187.0000E-06,+625.0000000E-03
+187.2000E-06,+625.0000000E-03
+187.4000E-06,+625.0000000E-03
+187.6000E-06,+625.0000000E-03
+187.8000E-06,+640.6250000E-03
+188.0000E-06,+1.2031250000E+00
+188.2000E-06,+1.5312500000E+00
+188.4000E-06,+1.7812500000E+00
+188.6000E-06,+2.0937500000E+00
+188.8000E-06,+2.1406250000E+00
+189.0000E-06,+2.0781250000E+00
+189.2000E-06,+2.0468750000E+00
+189.4000E-06,+2.0781250000E+00
+189.6000E-06,+2.1250000000E+00
+189.8000E-06,+2.1406250000E+00
+190.0000E-06,+2.1093750000E+00
+190.2000E-06,+2.0625000000E+00
+190.4000E-06,+2.0156250000E+00
+190.6000E-06,+2.0000000000E+00
+190.8000E-06,+1.9843750000E+00
+191.0000E-06,+2.0156250000E+00
+191.2000E-06,+2.0625000000E+00
+191.4000E-06,+2.0625000000E+00
+191.6000E-06,+2.0781250000E+00
+191.8000E-06,+2.0625000000E+00
+192.0000E-06,+1.8750000000E+00
+192.2000E-06,+1.0312500000E+00
+192.4000E-06,+812.5000000E-03
+192.6000E-06,+468.7500000E-03
+192.8000E-06,+406.2500000E-03
+193.0000E-06,+531.2500000E-03
+193.2000E-06,+578.1250000E-03
+193.4000E-06,+578.1250000E-03
+193.6000E-06,+500.0000000E-03
+193.8000E-06,+484.3750000E-03
+194.0000E-06,+515.6250000E-03
+194.2000E-06,+578.1250000E-03
+194.4000E-06,+625.0000000E-03
+194.6000E-06,+656.2500000E-03
+194.8000E-06,+640.6250000E-03
+195.0000E-06,+656.2500000E-03
+195.2000E-06,+609.3750000E-03
+195.4000E-06,+593.7500000E-03
+195.6000E-06,+578.1250000E-03
+195.8000E-06,+578.1250000E-03
+196.0000E-06,+609.3750000E-03
+196.2000E-06,+609.3750000E-03
+196.4000E-06,+640.6250000E-03
+196.6000E-06,+656.2500000E-03
+196.8000E-06,+640.6250000E-03
+197.0000E-06,+625.0000000E-03
+197.2000E-06,+609.3750000E-03
+197.4000E-06,+593.7500000E-03
+197.6000E-06,+593.7500000E-03
+197.8000E-06,+609.3750000E-03
+198.0000E-06,+609.3750000E-03
+198.2000E-06,+625.0000000E-03
+198.4000E-06,+656.2500000E-03
+198.6000E-06,+656.2500000E-03
+198.8000E-06,+625.0000000E-03
+199.0000E-06,+625.0000000E-03
+199.2000E-06,+625.0000000E-03
+199.4000E-06,+625.0000000E-03
+199.6000E-06,+625.0000000E-03
+199.8000E-06,+640.6250000E-03
+200.0000E-06,+656.2500000E-03
+200.2000E-06,+656.2500000E-03
+200.4000E-06,+671.8750000E-03
+200.6000E-06,+656.2500000E-03
+200.8000E-06,+671.8750000E-03
+201.0000E-06,+656.2500000E-03
+201.2000E-06,+656.2500000E-03
+201.4000E-06,+656.2500000E-03
+201.6000E-06,+656.2500000E-03
+201.8000E-06,+671.8750000E-03
+202.0000E-06,+656.2500000E-03
+202.2000E-06,+656.2500000E-03
+202.4000E-06,+656.2500000E-03
+202.6000E-06,+656.2500000E-03
+202.8000E-06,+640.6250000E-03
+203.0000E-06,+625.0000000E-03
+203.2000E-06,+625.0000000E-03
+203.4000E-06,+640.6250000E-03
+203.6000E-06,+625.0000000E-03
+203.8000E-06,+640.6250000E-03
+204.0000E-06,+625.0000000E-03
+204.2000E-06,+640.6250000E-03
+204.4000E-06,+640.6250000E-03
+204.6000E-06,+656.2500000E-03
+204.8000E-06,+609.3750000E-03
+205.0000E-06,+625.0000000E-03
+205.2000E-06,+609.3750000E-03
+205.4000E-06,+625.0000000E-03
+205.6000E-06,+656.2500000E-03
+205.8000E-06,+640.6250000E-03
+206.0000E-06,+671.8750000E-03
+206.2000E-06,+656.2500000E-03
+206.4000E-06,+671.8750000E-03
+206.6000E-06,+671.8750000E-03
+206.8000E-06,+687.5000000E-03
+207.0000E-06,+687.5000000E-03
+207.2000E-06,+671.8750000E-03
+207.4000E-06,+671.8750000E-03
+207.6000E-06,+671.8750000E-03
+207.8000E-06,+671.8750000E-03
+208.0000E-06,+687.5000000E-03
+208.2000E-06,+671.8750000E-03
+208.4000E-06,+671.8750000E-03
+208.6000E-06,+671.8750000E-03
+208.8000E-06,+656.2500000E-03
+209.0000E-06,+640.6250000E-03
+209.2000E-06,+609.3750000E-03
+209.4000E-06,+609.3750000E-03
+209.6000E-06,+609.3750000E-03
+209.8000E-06,+593.7500000E-03
+210.0000E-06,+578.1250000E-03
+210.2000E-06,+578.1250000E-03
+210.4000E-06,+546.8750000E-03
+210.6000E-06,+546.8750000E-03
+210.8000E-06,+531.2500000E-03
+211.0000E-06,+515.6250000E-03
+211.2000E-06,+515.6250000E-03
+211.4000E-06,+515.6250000E-03
+211.6000E-06,+515.6250000E-03
+211.8000E-06,+515.6250000E-03
+212.0000E-06,+1.0312500000E+00
+212.2000E-06,+1.3437500000E+00
+212.4000E-06,+1.5781250000E+00
+212.6000E-06,+1.9062500000E+00
+212.8000E-06,+1.9375000000E+00
+213.0000E-06,+1.9062500000E+00
+213.2000E-06,+1.8750000000E+00
+213.4000E-06,+1.9218750000E+00
+213.6000E-06,+2.0000000000E+00
+213.8000E-06,+2.0312500000E+00
+214.0000E-06,+2.0000000000E+00
+214.2000E-06,+1.9843750000E+00
+214.4000E-06,+1.9531250000E+00
+214.6000E-06,+1.9687500000E+00
+214.8000E-06,+1.9843750000E+00
+215.0000E-06,+2.0468750000E+00
+215.2000E-06,+2.0937500000E+00
+215.4000E-06,+2.1250000000E+00
+215.6000E-06,+2.1406250000E+00
+215.8000E-06,+2.1406250000E+00
+216.0000E-06,+1.9687500000E+00
+216.2000E-06,+1.1093750000E+00
+216.4000E-06,+859.3750000E-03
+216.6000E-06,+531.2500000E-03
+216.8000E-06,+453.1250000E-03
+217.0000E-06,+578.1250000E-03
+217.2000E-06,+656.2500000E-03
+217.4000E-06,+593.7500000E-03
+217.6000E-06,+546.8750000E-03
+217.8000E-06,+515.6250000E-03
+218.0000E-06,+531.2500000E-03
+218.2000E-06,+578.1250000E-03
+218.4000E-06,+609.3750000E-03
+218.6000E-06,+640.6250000E-03
+218.8000E-06,+656.2500000E-03
+219.0000E-06,+625.0000000E-03
+219.2000E-06,+593.7500000E-03
+219.4000E-06,+562.5000000E-03
+219.6000E-06,+562.5000000E-03
+219.8000E-06,+562.5000000E-03
+220.0000E-06,+578.1250000E-03
+220.2000E-06,+625.0000000E-03
+220.4000E-06,+625.0000000E-03
+220.6000E-06,+656.2500000E-03
+220.8000E-06,+656.2500000E-03
+221.0000E-06,+640.6250000E-03
+221.2000E-06,+625.0000000E-03
+221.4000E-06,+593.7500000E-03
+221.6000E-06,+625.0000000E-03
+221.8000E-06,+640.6250000E-03
+222.0000E-06,+656.2500000E-03
+222.2000E-06,+671.8750000E-03
+222.4000E-06,+687.5000000E-03
+222.6000E-06,+687.5000000E-03
+222.8000E-06,+671.8750000E-03
+223.0000E-06,+656.2500000E-03
+223.2000E-06,+656.2500000E-03
+223.4000E-06,+640.6250000E-03
+223.6000E-06,+640.6250000E-03
+223.8000E-06,+640.6250000E-03
+224.0000E-06,+656.2500000E-03
+224.2000E-06,+671.8750000E-03
+224.4000E-06,+671.8750000E-03
+224.6000E-06,+656.2500000E-03
+224.8000E-06,+640.6250000E-03
+225.0000E-06,+640.6250000E-03
+225.2000E-06,+625.0000000E-03
+225.4000E-06,+625.0000000E-03
+225.6000E-06,+625.0000000E-03
+225.8000E-06,+640.6250000E-03
+226.0000E-06,+656.2500000E-03
+226.2000E-06,+656.2500000E-03
+226.4000E-06,+656.2500000E-03
+226.6000E-06,+656.2500000E-03
+226.8000E-06,+640.6250000E-03
+227.0000E-06,+656.2500000E-03
+227.2000E-06,+640.6250000E-03
+227.4000E-06,+656.2500000E-03
+227.6000E-06,+656.2500000E-03
+227.8000E-06,+656.2500000E-03
+228.0000E-06,+656.2500000E-03
+228.2000E-06,+656.2500000E-03
+228.4000E-06,+671.8750000E-03
+228.6000E-06,+671.8750000E-03
+228.8000E-06,+656.2500000E-03
+229.0000E-06,+640.6250000E-03
+229.2000E-06,+671.8750000E-03
+229.4000E-06,+656.2500000E-03
+229.6000E-06,+671.8750000E-03
+229.8000E-06,+671.8750000E-03
+230.0000E-06,+671.8750000E-03
+230.2000E-06,+671.8750000E-03
+230.4000E-06,+671.8750000E-03
+230.6000E-06,+671.8750000E-03
+230.8000E-06,+656.2500000E-03
+231.0000E-06,+656.2500000E-03
+231.2000E-06,+656.2500000E-03
+231.4000E-06,+671.8750000E-03
+231.6000E-06,+656.2500000E-03
+231.8000E-06,+656.2500000E-03
+232.0000E-06,+671.8750000E-03
+232.2000E-06,+640.6250000E-03
+232.4000E-06,+640.6250000E-03
+232.6000E-06,+640.6250000E-03
+232.8000E-06,+640.6250000E-03
+233.0000E-06,+656.2500000E-03
+233.2000E-06,+656.2500000E-03
+233.4000E-06,+640.6250000E-03
+233.6000E-06,+656.2500000E-03
+233.8000E-06,+656.2500000E-03
+234.0000E-06,+625.0000000E-03
+234.2000E-06,+656.2500000E-03
+234.4000E-06,+656.2500000E-03
+234.6000E-06,+640.6250000E-03
+234.8000E-06,+656.2500000E-03
+235.0000E-06,+640.6250000E-03
+235.2000E-06,+656.2500000E-03
+235.4000E-06,+656.2500000E-03
+235.6000E-06,+656.2500000E-03
+235.8000E-06,+656.2500000E-03
+236.0000E-06,+1.2187500000E+00
+236.2000E-06,+1.5468750000E+00
+236.4000E-06,+1.8125000000E+00
+236.6000E-06,+2.1250000000E+00
+236.8000E-06,+2.2031250000E+00
+237.0000E-06,+2.0781250000E+00
+237.2000E-06,+2.0625000000E+00
+237.4000E-06,+2.0937500000E+00
+237.6000E-06,+2.1406250000E+00
+237.8000E-06,+2.1562500000E+00
+238.0000E-06,+2.1093750000E+00
+238.2000E-06,+2.0781250000E+00
+238.4000E-06,+2.0312500000E+00
+238.6000E-06,+2.0156250000E+00
+238.8000E-06,+2.0156250000E+00
+239.0000E-06,+2.0468750000E+00
+239.2000E-06,+2.0781250000E+00
+239.4000E-06,+2.0937500000E+00
+239.6000E-06,+2.0937500000E+00
+239.8000E-06,+2.0937500000E+00
+240.0000E-06,+1.9375000000E+00
+240.2000E-06,+1.0625000000E+00
+240.4000E-06,+843.7500000E-03
+240.6000E-06,+484.3750000E-03
+240.8000E-06,+453.1250000E-03
+241.0000E-06,+531.2500000E-03
+241.2000E-06,+609.3750000E-03
+241.4000E-06,+593.7500000E-03
+241.6000E-06,+531.2500000E-03
+241.8000E-06,+515.6250000E-03
+242.0000E-06,+531.2500000E-03
+242.2000E-06,+578.1250000E-03
+242.4000E-06,+609.3750000E-03
+242.6000E-06,+640.6250000E-03
+242.8000E-06,+656.2500000E-03
+243.0000E-06,+640.6250000E-03
+243.2000E-06,+609.3750000E-03
+243.4000E-06,+593.7500000E-03
+243.6000E-06,+578.1250000E-03
+243.8000E-06,+578.1250000E-03
+244.0000E-06,+578.1250000E-03
+244.2000E-06,+609.3750000E-03
+244.4000E-06,+640.6250000E-03
+244.6000E-06,+656.2500000E-03
+244.8000E-06,+656.2500000E-03
+245.0000E-06,+625.0000000E-03
+245.2000E-06,+593.7500000E-03
+245.4000E-06,+593.7500000E-03
+245.6000E-06,+609.3750000E-03
+245.8000E-06,+609.3750000E-03
+246.0000E-06,+640.6250000E-03
+246.2000E-06,+625.0000000E-03
+246.4000E-06,+656.2500000E-03
+246.6000E-06,+671.8750000E-03
+246.8000E-06,+671.8750000E-03
+247.0000E-06,+640.6250000E-03
+247.2000E-06,+625.0000000E-03
+247.4000E-06,+609.3750000E-03
+247.6000E-06,+625.0000000E-03
+247.8000E-06,+625.0000000E-03
+248.0000E-06,+656.2500000E-03
+248.2000E-06,+656.2500000E-03
+248.4000E-06,+640.6250000E-03
+248.6000E-06,+671.8750000E-03
+248.8000E-06,+656.2500000E-03
+249.0000E-06,+640.6250000E-03
+249.2000E-06,+625.0000000E-03
+249.4000E-06,+625.0000000E-03
+249.6000E-06,+640.6250000E-03
+249.8000E-06,+640.6250000E-03
+250.0000E-06,+656.2500000E-03
+250.2000E-06,+656.2500000E-03
+250.4000E-06,+640.6250000E-03
+250.6000E-06,+640.6250000E-03
+250.8000E-06,+625.0000000E-03
+251.0000E-06,+625.0000000E-03
+251.2000E-06,+625.0000000E-03
+251.4000E-06,+625.0000000E-03
+251.6000E-06,+625.0000000E-03
+251.8000E-06,+656.2500000E-03
+252.0000E-06,+671.8750000E-03
+252.2000E-06,+656.2500000E-03
+252.4000E-06,+625.0000000E-03
+252.6000E-06,+640.6250000E-03
+252.8000E-06,+640.6250000E-03
+253.0000E-06,+640.6250000E-03
+253.2000E-06,+625.0000000E-03
+253.4000E-06,+640.6250000E-03
+253.6000E-06,+625.0000000E-03
+253.8000E-06,+640.6250000E-03
+254.0000E-06,+656.2500000E-03
+254.2000E-06,+656.2500000E-03
+254.4000E-06,+640.6250000E-03
+254.6000E-06,+640.6250000E-03
+254.8000E-06,+656.2500000E-03
+255.0000E-06,+640.6250000E-03
+255.2000E-06,+609.3750000E-03
+255.4000E-06,+640.6250000E-03
+255.6000E-06,+640.6250000E-03
+255.8000E-06,+656.2500000E-03
+256.0000E-06,+656.2500000E-03
+256.2000E-06,+640.6250000E-03
+256.4000E-06,+625.0000000E-03
+256.6000E-06,+625.0000000E-03
+256.8000E-06,+625.0000000E-03
+257.0000E-06,+625.0000000E-03
+257.2000E-06,+640.6250000E-03
+257.4000E-06,+625.0000000E-03
+257.6000E-06,+625.0000000E-03
+257.8000E-06,+625.0000000E-03
+258.0000E-06,+625.0000000E-03
+258.2000E-06,+625.0000000E-03
+258.4000E-06,+625.0000000E-03
+258.6000E-06,+625.0000000E-03
+258.8000E-06,+625.0000000E-03
+259.0000E-06,+640.6250000E-03
+259.2000E-06,+656.2500000E-03
+259.4000E-06,+640.6250000E-03
+259.6000E-06,+640.6250000E-03
+259.8000E-06,+640.6250000E-03
+260.0000E-06,+1.1718750000E+00
+260.2000E-06,+1.5312500000E+00
+260.4000E-06,+1.7812500000E+00
+260.6000E-06,+2.1093750000E+00
+260.8000E-06,+2.1562500000E+00
+261.0000E-06,+2.0937500000E+00
+261.2000E-06,+2.0625000000E+00
+261.4000E-06,+2.0625000000E+00
+261.6000E-06,+2.1406250000E+00
+261.8000E-06,+2.1406250000E+00
+262.0000E-06,+2.1250000000E+00
+262.2000E-06,+2.0625000000E+00
+262.4000E-06,+2.0312500000E+00
+262.6000E-06,+1.9843750000E+00
+262.8000E-06,+2.0000000000E+00
+263.0000E-06,+2.0468750000E+00
+263.2000E-06,+2.0781250000E+00
+263.4000E-06,+2.0937500000E+00
+263.6000E-06,+2.0781250000E+00
+263.8000E-06,+2.0625000000E+00
+264.0000E-06,+1.9062500000E+00
+264.2000E-06,+1.0625000000E+00
+264.4000E-06,+828.1250000E-03
+264.6000E-06,+468.7500000E-03
+264.8000E-06,+421.8750000E-03
+265.0000E-06,+546.8750000E-03
+265.2000E-06,+609.3750000E-03
+265.4000E-06,+578.1250000E-03
+265.6000E-06,+531.2500000E-03
+265.8000E-06,+484.3750000E-03
+266.0000E-06,+531.2500000E-03
+266.2000E-06,+578.1250000E-03
+266.4000E-06,+609.3750000E-03
+266.6000E-06,+656.2500000E-03
+266.8000E-06,+625.0000000E-03
+267.0000E-06,+640.6250000E-03
+267.2000E-06,+609.3750000E-03
+267.4000E-06,+578.1250000E-03
+267.6000E-06,+578.1250000E-03
+267.8000E-06,+578.1250000E-03
+268.0000E-06,+593.7500000E-03
+268.2000E-06,+625.0000000E-03
+268.4000E-06,+656.2500000E-03
+268.6000E-06,+656.2500000E-03
+268.8000E-06,+656.2500000E-03
+269.0000E-06,+625.0000000E-03
+269.2000E-06,+625.0000000E-03
+269.4000E-06,+593.7500000E-03
+269.6000E-06,+609.3750000E-03
+269.8000E-06,+625.0000000E-03
+270.0000E-06,+609.3750000E-03
+270.2000E-06,+625.0000000E-03
+270.4000E-06,+640.6250000E-03
+270.6000E-06,+671.8750000E-03
+270.8000E-06,+656.2500000E-03
+271.0000E-06,+671.8750000E-03
+271.2000E-06,+609.3750000E-03
+271.4000E-06,+609.3750000E-03
+271.6000E-06,+625.0000000E-03
+271.8000E-06,+625.0000000E-03
+272.0000E-06,+640.6250000E-03
+272.2000E-06,+656.2500000E-03
+272.4000E-06,+671.8750000E-03
+272.6000E-06,+656.2500000E-03
+272.8000E-06,+625.0000000E-03
+273.0000E-06,+640.6250000E-03
+273.2000E-06,+625.0000000E-03
+273.4000E-06,+625.0000000E-03
+273.6000E-06,+656.2500000E-03
+273.8000E-06,+625.0000000E-03
+274.0000E-06,+640.6250000E-03
+274.2000E-06,+656.2500000E-03
+274.4000E-06,+656.2500000E-03
+274.6000E-06,+640.6250000E-03
+274.8000E-06,+640.6250000E-03
+275.0000E-06,+625.0000000E-03
+275.2000E-06,+609.3750000E-03
+275.4000E-06,+625.0000000E-03
+275.6000E-06,+640.6250000E-03
+275.8000E-06,+640.6250000E-03
+276.0000E-06,+656.2500000E-03
+276.2000E-06,+625.0000000E-03
+276.4000E-06,+656.2500000E-03
+276.6000E-06,+609.3750000E-03
+276.8000E-06,+640.6250000E-03
+277.0000E-06,+625.0000000E-03
+277.2000E-06,+625.0000000E-03
+277.4000E-06,+625.0000000E-03
+277.6000E-06,+640.6250000E-03
+277.8000E-06,+656.2500000E-03
+278.0000E-06,+640.6250000E-03
+278.2000E-06,+625.0000000E-03
+278.4000E-06,+656.2500000E-03
+278.6000E-06,+640.6250000E-03
+278.8000E-06,+625.0000000E-03
+279.0000E-06,+625.0000000E-03
+279.2000E-06,+640.6250000E-03
+279.4000E-06,+625.0000000E-03
+279.6000E-06,+640.6250000E-03
+279.8000E-06,+656.2500000E-03
+280.0000E-06,+656.2500000E-03
+280.2000E-06,+640.6250000E-03
+280.4000E-06,+625.0000000E-03
+280.6000E-06,+640.6250000E-03
+280.8000E-06,+640.6250000E-03
+281.0000E-06,+625.0000000E-03
+281.2000E-06,+625.0000000E-03
+281.4000E-06,+625.0000000E-03
+281.6000E-06,+640.6250000E-03
+281.8000E-06,+640.6250000E-03
+282.0000E-06,+625.0000000E-03
+282.2000E-06,+656.2500000E-03
+282.4000E-06,+656.2500000E-03
+282.6000E-06,+625.0000000E-03
+282.8000E-06,+640.6250000E-03
+283.0000E-06,+640.6250000E-03
+283.2000E-06,+625.0000000E-03
+283.4000E-06,+625.0000000E-03
+283.6000E-06,+625.0000000E-03
+283.8000E-06,+625.0000000E-03
+284.0000E-06,+1.1250000000E+00
+284.2000E-06,+1.5156250000E+00
+284.4000E-06,+1.7656250000E+00
+284.6000E-06,+2.0625000000E+00
+284.8000E-06,+2.1406250000E+00
+285.0000E-06,+2.0468750000E+00
+285.2000E-06,+2.0312500000E+00
+285.4000E-06,+2.0625000000E+00
+285.6000E-06,+2.1250000000E+00
+285.8000E-06,+2.1250000000E+00
+286.0000E-06,+2.0937500000E+00
+286.2000E-06,+2.0312500000E+00
+286.4000E-06,+1.9843750000E+00
+286.6000E-06,+1.9843750000E+00
+286.8000E-06,+1.9843750000E+00
+287.0000E-06,+2.0312500000E+00
+287.2000E-06,+2.0625000000E+00
+287.4000E-06,+2.0625000000E+00
+287.6000E-06,+2.0781250000E+00
+287.8000E-06,+2.0625000000E+00
+288.0000E-06,+1.9375000000E+00
+288.2000E-06,+1.0468750000E+00
+288.4000E-06,+828.1250000E-03
+288.6000E-06,+484.3750000E-03
+288.8000E-06,+406.2500000E-03
+289.0000E-06,+531.2500000E-03
+289.2000E-06,+593.7500000E-03
+289.4000E-06,+562.5000000E-03
+289.6000E-06,+515.6250000E-03
+289.8000E-06,+484.3750000E-03
